-- phpMyAdmin SQL Dump
-- version 4.5.1
-- http://www.phpmyadmin.net
--
-- Хост: 127.0.0.1
-- Время создания: Янв 28 2017 г., 12:21
-- Версия сервера: 10.1.13-MariaDB
-- Версия PHP: 7.0.8

SET SQL_MODE = "NO_AUTO_VALUE_ON_ZERO";
SET time_zone = "+00:00";


/*!40101 SET @OLD_CHARACTER_SET_CLIENT=@@CHARACTER_SET_CLIENT */;
/*!40101 SET @OLD_CHARACTER_SET_RESULTS=@@CHARACTER_SET_RESULTS */;
/*!40101 SET @OLD_COLLATION_CONNECTION=@@COLLATION_CONNECTION */;
/*!40101 SET NAMES utf8mb4 */;

--
-- База данных: `mvc`
--

-- --------------------------------------------------------

--
-- Структура таблицы `messages`
--

CREATE TABLE `messages` (
  `id` tinyint(3) UNSIGNED NOT NULL,
  `name` varchar(100) NOT NULL,
  `email` varchar(100) NOT NULL,
  `message` text
) ENGINE=InnoDB DEFAULT CHARSET=utf8;

--
-- Дамп данных таблицы `messages`
--

INSERT INTO `messages` (`id`, `name`, `email`, `message`) VALUES
(1, 'svet', '{email}', '{message}'),
(2, 'svet', 'svet@i.ua', 'Hello');

-- --------------------------------------------------------

--
-- Структура таблицы `news`
--

CREATE TABLE `news` (
  `id` int(11) NOT NULL,
  `pages_id` int(11) NOT NULL,
  `alias_n` varchar(20) NOT NULL,
  `title_n` varchar(100) NOT NULL,
  `content` text NOT NULL,
  `date` datetime NOT NULL,
  `analitic` tinyint(1) NOT NULL,
  `teg` text NOT NULL,
  `photo` varchar(100) NOT NULL
) ENGINE=InnoDB DEFAULT CHARSET=latin1;

--
-- Дамп данных таблицы `news`
--

INSERT INTO `news` (`id`, `pages_id`, `alias_n`, `title_n`, `content`, `date`, `analitic`, `teg`, `photo`) VALUES
(1, 2, 'new1', 'News_1', 'Lorem Ipsum is simply dummy text of the printing and typesetting industry. Lorem Ipsum has been the industry''s standard dummy text ever since the 1500s, when an unknown printer took a galley of type and scrambled it to make a type specimen book. It has survived not only five centuries, but also the leap into electronic typesetting, remaining essentially unchanged. It was popularised in the 1960s with the release of Letraset sheets containing Lorem Ipsum passages, and more recently with desktop publishing software like Aldus PageMaker including versions of Lorem Ipsum.', '2017-01-10 00:00:00', 0, 'Lorem, software, book', '551005.jpg'),
(2, 4, 'new2', 'News_2', 'There are many variations of passages of Lorem Ipsum available, but the majority have suffered alteration in some form, by injected humour, or randomised words which don''t look even slightly believable. If you are going to use a passage of Lorem Ipsum, you need to be sure there isn''t anything embarrassing hidden in the middle of text. All the Lorem Ipsum generators on the Internet tend to repeat predefined chunks as necessary, making this the first true generator on the Internet. It uses a dictionary of over 200 Latin words, combined with a handful of model sentence structures, to generate Lorem Ipsum which looks reasonable. The generated Lorem Ipsum is therefore always free from repetition, injected humour, or non-characteristic words etc.', '2016-12-12 00:00:00', 0, 'generator, Ipsum, Internet', '551080.jpg'),
(3, 2, 'new3', 'News_3', 'Contrary to popular belief, Lorem Ipsum is not simply random text. It has roots in a piece of classical Latin literature from 45 BC, making it over 2000 years old. Richard McClintock, a Latin professor at Hampden-Sydney College in Virginia, looked up one of the more obscure Latin words, consectetur, from a Lorem Ipsum passage, and going through the cites of the word in classical literature, discovered the undoubtable source. Lorem Ipsum comes from sections 1.10.32 and 1.10.33 of "de Finibus Bonorum et Malorum" (The Extremes of Good and Evil) by Cicero, written in 45 BC. This book is a treatise on the theory of ethics, very popular during the Renaissance. The first line of Lorem Ipsum, "Lorem ipsum dolor sit amet..", comes from a line in section 1.10.32.', '2017-01-02 07:13:06', 0, 'Bonorum, classical, theory', '551091.jpg'),
(4, 3, 'new4', 'News_4', '"But I must explain to you how all this mistaken idea of denouncing pleasure and praising pain was born and I will give you a complete account of the system, and expound the actual teachings of the great explorer of the truth, the master-builder of human happiness. No one rejects, dislikes, or avoids pleasure itself, because it is pleasure, but because those who do not know how to pursue pleasure rationally encounter consequences that are extremely painful. Nor again is there anyone who loves or pursues or desires to obtain pain of itself, because it is pain, but because occasionally circumstances occur in which toil and pain can procure him some great pleasure. To take a trivial example, which of us ever undertakes laborious physical exercise, except to obtain some advantage from it? But who has any right to find fault with a man who chooses to enjoy a pleasure that has no annoying consequences, or one who avoids a pain that produces no resultant pleasure?"', '2016-12-29 00:00:00', 0, 'exercise, pain, physical', '551071.jpg'),
(5, 2, 'new5', 'News_5', '"On the other hand, we denounce with righteous indignation and dislike men who are so beguiled and demoralized by the charms of pleasure of the moment, so blinded by desire, that they cannot foresee the pain and trouble that are bound to ensue; and equal blame belongs to those who fail in their duty through weakness of will, which is the same as saying through shrinking from toil and pain. These cases are perfectly simple and easy to distinguish. In a free hour, when our power of choice is untrammelled and when nothing prevents our being able to do what we like best, every pleasure is to be welcomed and every pain avoided. But in certain circumstances and owing to the claims of duty or the obligations of business it will frequently occur that pleasures have to be repudiated and annoyances accepted. The wise man therefore always holds in these matters to this principle of selection: he rejects pleasures to secure other greater pleasures, or else he endures pains to avoid worse pains."', '2017-01-25 04:29:14', 0, 'business, pain, simple', '551068.jpg'),
(6, 2, 'new6', 'News_6', '"Lorem Ipsum is simply dummy text of the printing and typesetting industry. Lorem Ipsum has been the industry''s standard dummy text ever since the 1500s, when an unknown printer took a galley of type and scrambled it to make a type specimen book. It has survived not only five centuries, but also the leap into electronic typesetting, remaining essentially unchanged. It was popularised in the 1960s with the release of Letraset sheets containing Lorem Ipsum passages, and more recently with desktop publishing software like Aldus PageMaker including versions of Lorem Ipsum."', '2017-01-25 06:29:14', 0, 'sheets, unknown, industry', '790020.jpg'),
(7, 2, 'new7', 'News_7', 'Contrary to popular belief, Lorem Ipsum is not simply random text. It has roots in a piece of classical Latin literature from 45 BC, making it over 2000 years old. Richard McClintock, a Latin professor at Hampden-Sydney College in Virginia, looked up one of the more obscure Latin words, consectetur, from a Lorem Ipsum passage, and going through the cites of the word in classical literature, discovered the undoubtable source. Lorem Ipsum comes from sections 1.10.32 and 1.10.33 of "de Finibus Bonorum et Malorum" (The Extremes of Good and Evil) by Cicero, written in 45 BC. This book is a treatise on the theory of ethics, very popular during the Renaissance. The first line of Lorem Ipsum, "Lorem ipsum dolor sit amet..", comes from a line in section 1.10.32.\r\n\r\nThe standard chunk of Lorem Ipsum used since the 1500s is reproduced below for those interested. Sections 1.10.32 and 1.10.33 from "de Finibus Bonorum et Malorum" by Cicero are also reproduced in their exact original form, accompanied by English versions from the 1914 translation by H. Rackham.', '2017-01-26 12:07:08', 0, 'standard, Cicero, English', '551076.jpg'),
(8, 2, 'news8', 'News_8', 'There are many variations of passages of Lorem Ipsum available, but the majority have suffered alteration in some form, by injected humour, or randomised words which don''t look even slightly believable. If you are going to use a passage of Lorem Ipsum, you need to be sure there isn''t anything embarrassing hidden in the middle of text. All the Lorem Ipsum generators on the Internet tend to repeat predefined chunks as necessary, making this the first true generator on the Internet. It uses a dictionary of over 200 Latin words, combined with a handful of model sentence structures, to generate Lorem Ipsum which looks reasonable. The generated Lorem Ipsum is therefore always free from repetition, injected humour, or non-characteristic words etc.', '2017-01-25 17:22:10', 0, 'word, generator, free', '551093.jpg'),
(9, 3, 'new9', 'News_9', 'Contrary to popular belief, Lorem Ipsum is not simply random text. It has roots in a piece of classical Latin literature from 45 BC, making it over 2000 years old. Richard McClintock, a Latin professor at Hampden-Sydney College in Virginia, looked up one of the more obscure Latin words, consectetur, from a Lorem Ipsum passage, and going through the cites of the word in classical literature, discovered the undoubtable source. Lorem Ipsum comes from sections 1.10.32 and 1.10.33 of "de Finibus Bonorum et Malorum" (The Extremes of Good and Evil) by Cicero, written in 45 BC. This book is a treatise on the theory of ethics, very popular during the Renaissance. The first line of Lorem Ipsum, "Lorem ipsum dolor sit amet..", comes from a line in section 1.10.32.\r\n\r\nThe standard chunk of Lorem Ipsum used since the 1500s is reproduced below for those interested. Sections 1.10.32 and 1.10.33 from "de Finibus Bonorum et Malorum" by Cicero are also reproduced in their exact original form, accompanied by English versions from the 1914 translation by H. Rackham.', '2017-01-26 07:07:08', 0, 'standard, Cicero, English', '551081.jpg'),
(10, 4, 'news10', 'News_10', 'There are many variations of passages of Lorem Ipsum available, but the majority have suffered alteration in some form, by injected humour, or randomised words which don''t look even slightly believable. If you are going to use a passage of Lorem Ipsum, you need to be sure there isn''t anything embarrassing hidden in the middle of text. All the Lorem Ipsum generators on the Internet tend to repeat predefined chunks as necessary, making this the first true generator on the Internet. It uses a dictionary of over 200 Latin words, combined with a handful of model sentence structures, to generate Lorem Ipsum which looks reasonable. The generated Lorem Ipsum is therefore always free from repetition, injected humour, or non-characteristic words etc.', '2017-01-25 09:22:10', 0, 'word, generator, free', '551092.jpg'),
(14, 2, 'news11', 'News_11', 'Contrary to popular belief, Lorem Ipsum is not simply random text. It has roots in a piece of classical Latin literature from 45 BC, making it over 2000 years old. Richard McClintock, a Latin professor at Hampden-Sydney College in Virginia, looked up one of the more obscure Latin words, consectetur, from a Lorem Ipsum passage, and going through the cites of the word in classical literature, discovered the undoubtable source. Lorem Ipsum comes from sections 1.10.32 and 1.10.33 of "de Finibus Bonorum et Malorum" (The Extremes of Good and Evil) by Cicero, written in 45 BC. This book is a treatise on the theory of ethics, very popular during the Renaissance. The first line of Lorem Ipsum, "Lorem ipsum dolor sit amet..", comes from a line in section 1.10.32.\r\n\r\nThe standard chunk of Lorem Ipsum used since the 1500s is reproduced below for those interested. Sections 1.10.32 and 1.10.33 from "de Finibus Bonorum et Malorum" by Cicero are also reproduced in their exact original form, accompanied by English versions from the 1914 translation by H. Rackham.', '2017-01-27 00:00:00', 0, 'translation,original ', '551038.jpg'),
(17, 2, 'news12', 'News_12', 'There are many variations of passages of Lorem Ipsum available, but the majority have suffered alteration in some form, by injected humour, or randomised words which don''t look even slightly believable. If you are going to use a passage of Lorem Ipsum, you need to be sure there isn''t anything embarrassing hidden in the middle of text. All the Lorem Ipsum generators on the Internet tend to repeat predefined chunks as necessary, making this the first true generator on the Internet. It uses a dictionary of over 200 Latin words, combined with a handful of model sentence structures, to generate Lorem Ipsum which looks reasonable. The generated Lorem Ipsum is therefore always free from repetition, injected humour, or non-characteristic words etc.', '2017-01-26 23:21:00', 0, 'one two', '551056.jpg'),
(18, 2, 'news13', 'News_13', 'There are many variations of passages of Lorem Ipsum available, but the majority have suffered alteration in some form, by injected humour, or randomised words which don''t look even slightly believable. If you are going to use a passage of Lorem Ipsum, you need to be sure there isn''t anything embarrassing hidden in the middle of text. All the Lorem Ipsum generators on the Internet tend to repeat predefined chunks as necessary, making this the first true generator on the Internet. It uses a dictionary of over 200 Latin words, combined with a handful of model sentence structures, to generate Lorem Ipsum which looks reasonable. The generated Lorem Ipsum is therefore always free from repetition, injected humour, or non-characteristic words etc.', '2017-01-24 08:21:00', 0, 'three four', '551071.jpg'),
(19, 2, 'news14', 'News_14', 'There are many variations of passages of Lorem Ipsum available, but the majority have suffered alteration in some form, by injected humour, or randomised words which don''t look even slightly believable. If you are going to use a passage of Lorem Ipsum, you need to be sure there isn''t anything embarrassing hidden in the middle of text. All the Lorem Ipsum generators on the Internet tend to repeat predefined chunks as necessary, making this the first true generator on the Internet. It uses a dictionary of over 200 Latin words, combined with a handful of model sentence structures, to generate Lorem Ipsum which looks reasonable. The generated Lorem Ipsum is therefore always free from repetition, injected humour, or non-characteristic words etc.', '2017-01-22 11:21:00', 0, 'tree font', '551081.jpg'),
(20, 2, 'news15', 'News_15', 'There are many variations of passages of Lorem Ipsum available, but the majority have suffered alteration in some form, by injected humour, or randomised words which don''t look even slightly believable. If you are going to use a passage of Lorem Ipsum, you need to be sure there isn''t anything embarrassing hidden in the middle of text. All the Lorem Ipsum generators on the Internet tend to repeat predefined chunks as necessary, making this the first true generator on the Internet. It uses a dictionary of over 200 Latin words, combined with a handful of model sentence structures, to generate Lorem Ipsum which looks reasonable. The generated Lorem Ipsum is therefore always free from repetition, injected humour, or non-characteristic words etc.', '2017-01-26 20:21:00', 0, 'jpg bmp', '551092.jpg'),
(21, 4, 'news16', 'News_16', 'It is a long established fact that a reader will be distracted by the readable content of a page when looking at its layout. The point of using Lorem Ipsum is that it has a more-or-less normal distribution of letters, as opposed to using ''Content here, content here'', making it look like readable English. Many desktop publishing packages and web page editors now use Lorem Ipsum as their default model text, and a search for ''lorem ipsum'' will uncover many web sites still in their infancy. Various versions have evolved over the years, sometimes by accident, sometimes on purpose (injected humour and the like).', '2017-01-28 07:28:00', 0, 'one two five', '551049.jpg');

-- --------------------------------------------------------

--
-- Структура таблицы `pages`
--

CREATE TABLE `pages` (
  `id` tinyint(3) UNSIGNED NOT NULL,
  `alias` varchar(100) NOT NULL,
  `title` varchar(100) NOT NULL,
  `content` text,
  `is_published` tinyint(1) UNSIGNED DEFAULT '0'
) ENGINE=InnoDB DEFAULT CHARSET=utf8;

--
-- Дамп данных таблицы `pages`
--

INSERT INTO `pages` (`id`, `alias`, `title`, `content`, `is_published`) VALUES
(2, 'politic', 'Politica', 'What is Lorem Ipsum?', 1),
(3, 'economic', 'Economica', 'Why do we use it?', 1),
(4, 'finance', 'Finance', 'Where does it come from?', 1),
(5, 'sport', 'Sport', 'sport', 1);

-- --------------------------------------------------------

--
-- Структура таблицы `users`
--

CREATE TABLE `users` (
  `id` smallint(5) UNSIGNED NOT NULL,
  `login` varchar(45) NOT NULL,
  `email` varchar(100) NOT NULL,
  `role` varchar(45) NOT NULL DEFAULT 'admin',
  `password` varchar(32) NOT NULL,
  `is_active` tinyint(1) UNSIGNED DEFAULT '1'
) ENGINE=InnoDB DEFAULT CHARSET=utf8;

--
-- Дамп данных таблицы `users`
--

INSERT INTO `users` (`id`, `login`, `email`, `role`, `password`, `is_active`) VALUES
(1, 'admin', 'admin@yoursite.com', 'admin', '9e58abbb99e70950993420477586971b', 1);

--
-- Индексы сохранённых таблиц
--

--
-- Индексы таблицы `messages`
--
ALTER TABLE `messages`
  ADD PRIMARY KEY (`id`);

--
-- Индексы таблицы `news`
--
ALTER TABLE `news`
  ADD PRIMARY KEY (`id`);

--
-- Индексы таблицы `pages`
--
ALTER TABLE `pages`
  ADD PRIMARY KEY (`id`);

--
-- Индексы таблицы `users`
--
ALTER TABLE `users`
  ADD PRIMARY KEY (`id`);

--
-- AUTO_INCREMENT для сохранённых таблиц
--

--
-- AUTO_INCREMENT для таблицы `messages`
--
ALTER TABLE `messages`
  MODIFY `id` tinyint(3) UNSIGNED NOT NULL AUTO_INCREMENT, AUTO_INCREMENT=3;
--
-- AUTO_INCREMENT для таблицы `news`
--
ALTER TABLE `news`
  MODIFY `id` int(11) NOT NULL AUTO_INCREMENT, AUTO_INCREMENT=22;
--
-- AUTO_INCREMENT для таблицы `pages`
--
ALTER TABLE `pages`
  MODIFY `id` tinyint(3) UNSIGNED NOT NULL AUTO_INCREMENT, AUTO_INCREMENT=6;
--
-- AUTO_INCREMENT для таблицы `users`
--
ALTER TABLE `users`
  MODIFY `id` smallint(5) UNSIGNED NOT NULL AUTO_INCREMENT, AUTO_INCREMENT=2;
/*!40101 SET CHARACTER_SET_CLIENT=@OLD_CHARACTER_SET_CLIENT */;
/*!40101 SET CHARACTER_SET_RESULTS=@OLD_CHARACTER_SET_RESULTS */;
/*!40101 SET COLLATION_CONNECTION=@OLD_COLLATION_CONNECTION */;
